recipe_id,category,comment
1691,減塩,しょうゆとみそでしっかり味つけしながらも、塩分は控えめ。大葉の香りがふわっと広がり、満足感のある一品です。
1691,ダイエット,鶏ひき肉でたんぱく質をとりつつ、エネルギーは少なめ。さっぱり食べやすく、食事を整えたい日にぴったりです。
1691,general,大葉の香りがさわやかで、鶏ひき肉のうまみをしっかり楽しめるハンバーグ。30分以内で作れて、夕食のおかずに便利です。
1691,beginner,材料を混ぜて焼くだけのシンプルな手順で、料理初心者でも作りやすいレシピ。大葉の香りで手軽においしく仕上がります。
2460,ダイエット,鶏むね肉を使った高たんぱく・低エネルギーの一皿です。青のりとチーズの香ばしさで満足感があり、食べごたえはしっかりなのに軽やかに楽しめます。
2460,general,胸肉をカツレツ風に仕上げた、香ばしくて食欲そそる一品です。青のりと粉チーズの風味がアクセントになり、野菜を添えれば彩りもきれいにまとまります。
2460,beginner,切って下味をつけ、衣をまぶして焼くだけで作りやすいレシピです。手順も少なめなので、揚げずにカツレツ気分を楽しみたい日にぴったりです。
4907,general,はちみつ味噌の甘じょっぱい味つけで、ごはんが進む一品です。豚肉のうまみと、いんげん・なすの食感がよく合い、15分で手早く作れます。
4907,貧血,豚もも肉は鉄分補給に役立つ食材です。いんげんやなすも合わせて、食べやすくしっかり栄養がとれるので、毎日の元気を支えたいときにおすすめです。
4907,便秘,いんげんとなすで食物繊維をとりやすく、炒めるだけで手軽に食べられます。味噌とはちみつのコクで野菜が食べやすく、あと一品にもぴったりです。
4907,beginner,切って炒めて味つけするだけの簡単レシピです。4ステップで完成するので、料理に慣れていない方でも作りやすく、忙しい日にも重宝します。
5832,general,赤ワインとデミグラスソースで、洋食屋さんのような深い味わいに。ごろっと野菜も入って、特別感のあるごちそうシチューです。
5832,貧血,牛肉のたんぱく質や鉄分に加え、ビタミンB12もとれるのがうれしい一品。しっかり食べて元気をつけたい日におすすめです。
5832,便秘,じゃがいも、玉ねぎ、にんじん、ブロッコリー、マッシュルームと野菜がたっぷり。食物繊維をおいしく補いたいときにぴったりです。
7275,ダイエット,鶏ひき肉のたんぱく質に、大豆の食物繊維もプラス。満足感がありつつ、カレーの香りでヘルシーに楽しめる一皿です。
7275,便秘,大豆と玉ねぎで食物繊維がしっかりとれるのがうれしいポイント。スパイスの香りで、野菜が苦手でも食べやすいカレーです。
7275,general,スパイスの香りにトマトのうまみが重なって、満足感たっぷり。大豆入りで食べごたえもあり、いつものカレー気分を軽やかに楽しめます。
7452,減塩,トマトのうまみと卵のやさしい味わいで、塩分をおさえながら満足感のある一品です。ごま油の香りで少ない調味料でもおいしく仕上がります。
7452,ダイエット,卵でたんぱく質をとりながら、野菜も一緒に食べられる軽めのおかずです。短時間で作れるので、忙しい日の食事にも取り入れやすいですよ。
7452,general,トマトの酸味と卵のまろやかさがよく合う、さっと作れる彩りおかずです。あと一品ほしいときにも便利で、食卓がぱっと明るくなります。
7452,beginner,切って炒めるだけのシンプルな手順で、料理初心者でも作りやすいレシピです。火加減に気をつければ、ふんわりおいしく仕上がります。
7474,便秘,キャベツのせん切りをたっぷりはさんで、食物繊維をしっかり補える一品です。ライ麦パンの香ばしさとチーズのコクで、満足感もばっちり。
7474,general,キャベツたっぷりで食べごたえがあり、朝食や軽めのランチにもぴったり。トーストで香ばしく仕上がり、手軽なのに満足感のあるサンドイッチです。
7474,beginner,具をはさんで焼くだけで、見た目も味も満足感のあるサンドに。材料も少なく、15分以内で作れるので、料理初心者さんにも気軽におすすめです。
7757,減塩,鮭のうまみとしょうがの香りで、しょうゆ味でも満足感のある一品です。塩分をおさえつつ、フライパン1つで手早く作れるのもうれしいですね。
7757,ダイエット,たんぱく質がしっかりとれて、エネルギーは控えめ。甘辛味で食べごたえがあり、主菜として満足しやすいので、無理なく続けたい方におすすめです。
7757,general,フライパン1つでぱぱっと作れる、鮭のうまみが生きた甘辛おかずです。しょうがの風味が食欲をそそり、忙しい日でも手軽に一品完成します。
7757,beginner,材料をそろえたら、あとは焼いてからめるだけの手軽さが魅力です。工程が少なく、フライパン1つで作れるので、料理初心者の方にも挑戦しやすいですよ。
9665,ダイエット,豚もも肉でたんぱく質をしっかりとりつつ、そら豆で季節感も楽しめる一品です。オイスターソースのうま味で満足感があり、炒めるだけで手早く作れます。
9665,貧血,鉄分を含む豚肉と、葉酸もとれるそら豆を合わせた、うれしい組み合わせです。しょうがとにんにくの香りで食欲もアップし、元気をつけたい日にぴったりです。
9665,general,そら豆のほくほく感と豚肉のうま味がよく合う、季節を感じる炒めものです。オイスターソースで味が決まり、4ステップで手軽に作れるのも魅力です。
9665,beginner,切って炒めるだけのシンプルな手順で、料理初心者さんでも作りやすいレシピです。下味をつけてから炒めるので、味がまとまりやすく失敗しにくいですよ。
10094,ダイエット,ほたてのたんぱく質で満足感があり、フライパンひとつで手早く作れるのがうれしい一品です。野菜も入って、バランスよく軽やかに楽しめます。
10094,貧血,ほたてには鉄やビタミンB12が含まれ、貧血が気になる方の食事にも取り入れやすいレシピです。牛乳や粉チーズでコクもあり、食べやすいですよ。
10094,便秘,エリンギや玉ねぎで食物繊維をとりやすく、パスタでも満足感のある一皿です。フライパンひとつで作れるので、忙しい日にも続けやすいですね。
10094,general,ほたてのうまみがスパゲッティにしっかり絡む、満足感のあるワンポットパスタです。フライパンひとつでできるので、後片づけも楽ちんです。
10094,beginner,材料を順に入れて煮るだけで作りやすく、料理初心者さんにもおすすめです。フライパンひとつで完結するので、気軽にパスタ作りを楽しめます。
10434,general,黒酢のさっぱり感で、ブリのうまみがぐっと引き立つ一品です。エリンギと玉ねぎも入って食べごたえがあり、30分以内で作れるのもうれしいですね。
10434,貧血,ブリには鉄分のほか、ビタミンB12やB6も含まれ、毎日の元気を支えたいときにぴったり。黒酢のさっぱり味で、無理なくおいしく食べやすい炒め物です。
10543,ダイエット,鶏団子でたんぱく質をしっかりとりつつ、野菜もたっぷり。満足感がありながら、食べすぎを防ぎたいときにも取り入れやすい鍋です。
10543,貧血,鶏肉やにら、白菜キムチを合わせて、鉄分を意識したい日にうれしい一品。温かい鍋で食べやすく、野菜も一緒にしっかりとれます。
10543,便秘,もやし、にら、白菜キムチで食物繊維を補いやすい鍋です。野菜をたっぷり食べられるので、毎日のすっきり習慣にもぴったり。
10543,general,キムチのうまみとみそのコクで、野菜がたっぷり食べられる満足鍋。鶏団子入りで食べごたえもあり、忙しい日にも作りやすい一品です。
10543,beginner,材料を入れて煮るだけのシンプルな手順で、料理初心者でも作りやすい鍋です。鶏団子もやさしい味つけで、失敗しにくいのがうれしい。
10806,general,スパイスの香りとヨーグルトのまろやかさで、やさしい味わいに仕上がるチキンカレーです。1時間以内で作れるので、忙しい日にも気軽に楽しめます。
10806,ダイエット,鶏もも肉は皮なしでたんぱく質をしっかり補え、満足感も出しやすい一皿です。スパイスの香りで物足りなさを感じにくく、食事管理中にも取り入れやすいです。
10806,血糖,ご飯の量を調整しやすく、スパイスやヨーグルトの風味で満足感を出しやすいカレーです。主菜のたんぱく質もとれるので、食事のバランスを意識したい方におすすめです。
10806,便秘,玉ねぎやトマトを使ったカレーで、食物繊維をとりやすいのがうれしいポイントです。香り豊かで食べやすく、主食と一緒に無理なく続けやすい一品です。
10806,beginner,手順は4ステップで、下ごしらえもシンプル。スパイスは少量ずつ使うので扱いやすく、料理初心者でも作りやすいチキンカレーです。
11063,減塩,黒酢の酸味としょうゆの風味で、塩分をおさえつつしっかり満足感のある一品です。パプリカの彩りもよく、食卓が明るくなります。
11063,ダイエット,豚もも肉でたんぱく質をしっかりとりながら、野菜も一緒に食べられるのがうれしい炒め物です。手早く作れて、忙しい日の主菜にもぴったりです。
11063,貧血,豚肉に加えて、赤・黄パプリカでビタミンCもとれるので、鉄分を意識したいときにうれしい組み合わせです。さっぱり黒酢味で食べやすいのも魅力です。
11063,general,黒酢のコクと酸味で、豚肉とパプリカをおいしくまとめた彩り炒めです。30分以内で作れて、忙しい日でも手軽に満足感のある主菜になります。
11063,beginner,材料が少なく、切って炒める流れで作れるので初心者さんにも挑戦しやすいレシピです。片栗粉で豚肉がやわらかく仕上がり、失敗しにくいのも安心です。
11140,貧血,さば缶で鉄分やビタミンB12を手軽に補えるコロッケです。じゃがいもで食べごたえもあり、揚げたてをおいしく楽しめます。
11140,便秘,じゃがいもや玉ねぎ、さばのうまみをまとめて楽しめる一品です。食物繊維もとれ、満足感のあるおかずとして活躍します。
11140,general,さば缶のうまみがぎゅっと詰まった、食べごたえのあるコロッケです。クミンやカレー粉の香りで、いつものコロッケがひと味違うおいしさに。
11141,減塩,ザーサイは少量でもうまみが出るので、調味料を控えめにしても満足感のある一品に。厚揚げのコクとねぎの香りで、塩分を気にする日にも取り入れやすい炒め物です。
11141,ダイエット,厚揚げでたんぱく質をとりながら、野菜ときくらげでかさ増しできるのがうれしい一品。さっと炒めるだけで作れるので、忙しい日の軽めの主菜にもぴったりです。
11141,貧血,厚揚げやきくらげ、青ねぎで鉄分を意識したいときにうれしい組み合わせ。しょうがの風味と黒こしょうで食べやすく、手軽に栄養を足したい日におすすめです。
11141,便秘,きくらげとねぎで食物繊維をプラスできる、腸活にも役立つ炒め物。厚揚げの食べごたえもあり、少ない材料でさっと作れるので、あと一品にも便利です。
11141,general,厚揚げのコクに、ねぎ・しょうが・黒こしょうの香りがきいた、さっと作れる炒め物。少ない材料でも満足感があり、忙しい日の一品や副菜に重宝します。
11141,beginner,切って炒めるだけの手順が少なく、初心者でも作りやすいレシピです。厚揚げが主役なので失敗しにくく、短時間でおいしく仕上がるのが魅力です。
11151,ダイエット,脂身なしの豚ロースでたんぱく質をしっかり摂れ、野菜も添えられる満足感のある一皿です。ごはんを控えめにすれば、ダイエット中の主菜にもぴったりです。
11151,脂質,脂身なしの豚ロースを使うので、こってりしすぎず食べやすい生姜焼きです。調味料もシンプルで、脂質を抑えながらしっかりおいしさを楽しめます。
11151,便秘,ブロッコリーやサニーレタスを添えることで、食物繊維をプラスしやすい一品です。生姜の風味で食べやすく、野菜も一緒にとりたい日におすすめです。
11151,general,定番の生姜焼きが、香りよく手早く作れるうれしい一品です。豚肉のうまみと玉ねぎの甘みがよく合い、サニーレタスやブロッコリーを添えて彩りよく楽しめます。
11151,beginner,切って焼くだけの工程が中心で、調味料も身近なものばかり。6ステップで作れるので、料理初心者でも挑戦しやすい、失敗しにくい定番おかずです。
11157,ダイエット,鶏もも肉の皮なしでたんぱく質をしっかりとりつつ、かぼちゃや麦ごはんで満足感も。時短で作れるので、忙しい日のヘルシーごはんにぴったりです。
11157,general,レンジも使って手早く作れる、うれしい時短カレーです。トマトのうまみとかぼちゃの甘みで食べやすく、麦ごはんでボリュームも満足感もばっちり。
11157,beginner,切って、レンジで加熱して、煮るだけのシンプルな手順で作れます。カレールーを使うので味つけも決まりやすく、料理初心者さんにも挑戦しやすい一品です。
11163,減塩,鯖のうまみを生かし、塩は控えめでも満足感のある一品です。大根おろしと青じそでさっぱり食べられ、毎日の食卓にも取り入れやすいですよ。
11163,ダイエット,良質なたんぱく質と脂質がとれる、満足感のある焼き魚メニューです。大根おろしで後味が軽く、カロリーを抑えたいときにもおすすめです。
11163,脂質,鯖の脂は青魚由来の良質な脂質が魅力です。焼くだけで手軽に、余計な油を使わずに楽しめるので、脂質の質を意識したい方にぴったりです。
11163,general,香ばしく焼いた鯖に大根おろしを添える、定番のほっとするおかずです。さっぱり食べやすく、忙しい日でも作りやすいのがうれしいですね。
11163,beginner,手順が少なく、下ごしらえもシンプルなので料理初心者でも挑戦しやすいレシピです。焼き上がりに大根おろしを添えるだけで、ぐっとおいしく仕上がります。
11225,ダイエット,さば缶と卵でたんぱく質をしっかり補いながら、食パンを使って満足感も出せる一品です。野菜も入って栄養バランスがよく、軽めの食事にぴったりです。
11225,貧血,さばや卵は鉄分やビタミンB群を含み、体づくりを意識したいときにうれしい組み合わせです。チーズや牛乳も入って、食べやすく栄養をまとめてとれます。
11225,便秘,ライ麦食パンとブロッコリーで食物繊維がとれる、うれしいキッシュです。朝食や軽食にも使いやすく、野菜をおいしく食べたい日におすすめです。
11225,general,さば缶を使って手軽に作れる、ボリューム満点の食パンキッシュです。トースターで焼くだけなので、忙しい日でも満足感のある一品が楽しめます。
11225,beginner,材料を重ねてトースターで焼くだけなので、料理初心者でも作りやすいレシピです。切る手間も少なく、朝食やランチに気軽に試せます。
11292,減塩,たらのうまみとカニカマの風味、しょうがの香りで、塩を控えても満足感のある味わいに。あんかけでやさしくまとまり、食べやすい一皿です。
11292,ダイエット,たらと里芋でしっかり食べごたえがありながら、エネルギーは控えめ。あんで満足感も出るので、無理なく量を調整したい日にぴったりです。
11292,脂質,焼いて仕上げるたら中心の主菜で、油は控えめに使うレシピ。あっさりしつつ、あんかけでしっとり食べられるのがうれしいポイントです。
11292,general,たらのやさしい味わいに、里芋のほくほく感ととろりとしたあんがよく合います。しょうががきいて、寒い日にもほっとする一品です。
11292,beginner,材料が身近で、焼く・レンジ・あんをかけるだけの手順なので作りやすいです。失敗しにくく、初めての魚料理にもおすすめです。
11565,減塩,ベーコンのうまみを生かしつつ、塩は控えめでも満足感のある一品です。キャベツと卵で彩りもよく、軽めの朝食やあと一品にもぴったりです。
11565,ダイエット,野菜と卵でしっかり食べ応えがありながら、重すぎないのがうれしいレシピです。オーブントースターで手軽に作れて、食事の調整にも取り入れやすいです。
11565,貧血,卵とベーコンに加え、キャベツも合わせて栄養バランスよく食べられます。短時間で作れるので、忙しい日でも無理なく一品足したいときにおすすめです。
11565,general,キャベツの器に卵を落として焼くだけで、見た目もかわいい簡単おかずです。朝食や軽めのランチにぴったりで、手早く作れて気分も上がります。
11565,beginner,切ったキャベツを並べて卵をのせ、トースターで焼くだけの簡単レシピです。工程が少なく失敗しにくいので、料理初心者でも気軽に作れます。
11749,減塩,ぽん酢とごまの風味で、少ない塩分でも満足感のある一皿。蒸し鶏でしっかりたんぱく質もとれるので、塩分を控えたい日におすすめです。
11749,ダイエット,鶏むね肉で高たんぱく、サラダ仕立てで軽やかに食べられます。マヨを少し使っても、満足感がありながらカロリー調整しやすいのがうれしい一品です。
11749,脂質,皮なしの鶏むね肉を使うので脂質を抑えやすく、さっぱり食べられます。ごまだれのコクで物足りなさも少なく、食事管理中にも取り入れやすいです。
11749,general,レンジで蒸し鶏を作って、サラダにのせるだけの手軽さが魅力。ごまだれがよく合って、忙しい日でもさっと作れる満足感のある一品です。
11749,beginner,材料が少なく、手順もシンプルなので料理初心者でも作りやすいレシピです。レンジ調理で失敗しにくく、短時間で見栄えよく仕上がります。
11921,general,揚げずに作れるので、春巻きの満足感はそのままに軽やか。野菜もたっぷり入って、食卓が華やぐ一品です。
11921,便秘,キャベツやにら、春雨で食物繊維をしっかりプラス。揚げないから重くなりにくく、すっきり食べたい日にぴったりです。
11921,beginner,具を包んで焼くだけで、揚げ春巻きより気軽に挑戦できます。オーブントースターで仕上げるので、初心者さんにも作りやすいです。
11944,ダイエット,豚もも肉でたんぱく質をしっかりとりつつ、野菜もたっぷり。炒めるだけで満足感があり、食べごたえのある一品です。
11944,貧血,豚肉は鉄分の補給に役立ち、ピーマンのビタミンCが吸収をサポート。おいしく食べながら、元気を応援できるレシピです。
11944,便秘,たけのこやピーマンで食物繊維をとりやすく、炒め物でも野菜がしっかり食べられます。毎日のすっきり習慣にぴったりです。
11944,general,定番のチンジャオロースを手軽に楽しめる一品。豚肉のうまみと野菜の食感がよく合い、15分以内で作れるのもうれしいです。
11944,beginner,切って炒めるだけのシンプルな手順で、料理初心者でも挑戦しやすいレシピです。味つけも決まりやすく、失敗しにくいのが魅力です。
11959,ダイエット,鶏むね肉を塩麹でしっとり仕上げた、たんぱく質しっかり・エネルギー控えめの一品です。さっぱり食べられて、満足感もあります。
11959,general,塩麹でやわらかく仕上げた鶏むね肉に、香味だれがよく合うバンバンジーです。蒸して作れるので、手軽にさっぱり楽しめます。
11967,減塩,カレールウとしょうゆで味はしっかりめ。食べる量を少し意識しつつ、麦ご飯や野菜の満足感でおいしく楽しめる一皿です。
11967,ダイエット,豚もも肉でたんぱく質をとりつつ、野菜もたっぷり。麦ご飯で腹持ちもよく、満足感のあるカレーを楽しめます。
11967,貧血,豚肉は鉄分補給にうれしい食材。にんじんやじゃがいもも入って、食べごたえがありながら栄養をしっかりとれるカレーです。
11967,便秘,玉ねぎ、にんじん、じゃがいもに麦ご飯も加わって、食物繊維をとりやすい一皿。カレーで食べやすく、続けやすいのも魅力です。
11967,general,香味野菜の風味とカレーのコクで、定番ながら満足感たっぷり。麦ご飯で食べ応えもあり、家族みんなで楽しめる一皿です。
11967,beginner,切って煮る手順が中心なので、カレー作りが久しぶりでも挑戦しやすいレシピ。基本の流れでおいしく仕上がります。
11990,減塩,みそのコクを生かしながら塩分は控えめ。さばのうまみとしょうがの香りで、薄味でも満足感のある一品です。
11990,general,定番のさばのみそ煮を、やさしい味わいに仕上げた一皿。ごはんが進むのに、30分以内で手軽に作れます。
11990,beginner,材料も手順もシンプルで、煮るだけで完成しやすいレシピ。初めての魚料理にも取り入れやすいですよ。
12021,脂質,脂質を抑えたいときにも取り入れやすいお好み焼きです。豚もも肉を使い、キャベツや長いもで満足感を出しながら、軽めに仕上げられるのがうれしいですね。
12021,ダイエット,たんぱく質をしっかりとりながら、食べごたえも楽しめる一品です。野菜たっぷりで満足感があり、主食兼おかずとしてバランスよく取り入れやすいですよ。
12021,general,キャベツの甘みと長いものふんわり食感が楽しめる、満足感のあるお好み焼きです。30分以内で作れるので、忙しい日のごはんにもぴったりですよ。
12021,beginner,材料を混ぜて焼くだけの、作りやすいお好み焼きです。手順もシンプルなので、料理に慣れていない方でも気軽にチャレンジしやすいですよ。
12046,減塩,鮭のうまみとバジルチーズの香りで、塩を控えても満足感のある一品です。焼くだけで仕上がるので、減塩中の食事にも取り入れやすいですよ。
12046,ダイエット,鮭でたんぱく質をしっかりとりながら、パン粉焼きでも軽やかに楽しめるレシピです。野菜を添えれば、満足感のあるダイエット向きの主菜になります。
12046,general,バジルとチーズの香ばしさが鮭のおいしさを引き立てる、見た目も華やかな一皿です。30分以内で作れるので、忙しい日のごはんにもぴったりですよ。
12046,beginner,下味をつけてパン粉をのせ、あとは焼くだけの手軽さがうれしいレシピです。工程も少なく、料理初心者でも作りやすいですよ。
12277,減塩,ハーブ入りソルトで風味をつけながら、塩分をおさえやすい一枚です。朝食にさっと作れて、シンプルでも満足感のあるおいしさが楽しめます。
12277,general,こんがり焼いたトーストに目玉焼きをのせるだけの、手軽でほっとする朝ごはん。忙しい日でも作りやすく、卵のコクで満足感もあります。
12277,beginner,食パンと卵があれば、オーブントースターで簡単に作れます。3ステップで完成するので、料理初心者の朝ごはんにもぴったりです。
12394,減塩,いわしのうまみと香ばしいパン粉焼きで、塩分を控えめでも満足感しっかり。レモンをきかせれば、さっぱりおいしく食べられます。
12394,ダイエット,たんぱく質がしっかりとれて、オーブントースターで手軽に作れるのがうれしい一品。野菜も添えて、バランスよく楽しめます。
12394,貧血,いわしは鉄分やビタミンB12がとれる、うれしい食材。カレー粉とパン粉の香ばしさで、食べやすく続けやすい献立です。
12394,便秘,ブロッコリーや付け合わせの野菜で食物繊維をプラス。香ばしいいわしと一緒に、満足感のある食べごたえを楽しめます。
12394,general,カリカリのパン粉といわしの旨みが相性抜群。トースターで焼くだけで香ばしく仕上がり、レモンを添えると後味もさっぱりです。
12394,beginner,下ごしらえをしてトースターで焼くだけなので、気軽に挑戦しやすいレシピです。手間をかけずに、見た目も香ばしく仕上がります。
13441,general,豚肉のうまみと大根のやさしい甘みがしっかりなじむ、ほっとする炒め煮です。30分以内で作れるので、忙しい日の夕食にもぴったり。
13441,減塩,しょうゆやみりんで味はしっかりしつつ、だしとしょうがで満足感を出せる一品です。塩分を気にするときは、調味料を控えめにしてもおいしく仕上がります。
13441,ダイエット,豚もも肉を使うので、たんぱく質をとりながら比較的さっぱり食べられます。大根でかさも出るので、満足感を保ちつつ食事量を整えたい日におすすめです。
13441,脂質,豚もも薄切り肉を使うため、こってりしすぎず食べやすい炒め煮です。油は少なめでも作りやすく、脂質を抑えたいときの主菜に向いています。
13441,beginner,切って炒めて煮るだけのシンプルな手順で、料理初心者でも作りやすいレシピです。大根がやわらかくなるまで煮れば、味もしっかり決まりやすいですよ。
13500,減塩,塩分は控えめでも、まぐろのうまみとレモンの酸味、黒こしょうの香りでしっかり満足感。さっぱり食べたい日にもおすすめです。
13500,ダイエット,高たんぱくでエネルギー控えめ、野菜もたっぷり添えられるので、食事を軽やかにしたいときにぴったりの一皿です。
13500,general,切って盛るだけで完成する手軽さがうれしい、彩りきれいなカルパッチョ。あと一品にも、さっぱりメインにも活躍します。
13500,beginner,包丁で切って並べるだけの簡単2ステップ。料理初心者でも作りやすく、見た目もおしゃれに仕上がるのが魅力です。
13502,減塩,ごま油の香りとにんにく、赤とうがらしで、塩を控えめにしても満足感のある味わいに。蒸し調理で素材のうまみも引き立ちます。
13502,ダイエット,豚こま切れ肉でたんぱく質をとりつつ、チンゲン菜やしいたけでボリュームも出せる一品。蒸して仕上げるので、軽めに食べたい日にぴったりです。
13502,貧血,豚肉に加え、チンゲン菜やしいたけも使うので、鉄分を意識したいときにうれしい組み合わせ。手軽な中華風おかずとして、日々の食事に取り入れやすいです。
13502,general,豚肉と野菜を蒸して仕上げる、うまみたっぷりの中華風おかず。ごま油とにんにくの香りで食欲をそそり、30分以内で作れるのもうれしいポイントです。
13502,beginner,切って重ねて蒸すだけで作りやすく、料理初心者にも挑戦しやすいレシピです。少ない手順で、豚肉と野菜のうまみをしっかり楽しめます。
14459,減塩,梅の酸味と香ばしさで満足感を出しつつ、たれはかけすぎないのがコツ。いわしのうまみを活かして、少ない塩分でもおいしく食べられます。
14459,ダイエット,いわしでたんぱく質をしっかり、麦ご飯で食べごたえもアップ。短時間で作れるので、忙しい日でも無理なく続けやすい丼です。
14459,貧血,いわしは鉄分やビタミンB群がとれるうれしい食材。梅のさっぱり感で食べやすく、主食も一緒にとれるので、元気をつけたい日におすすめです。
14459,general,香ばしいいわしに梅のさっぱり感がよく合う、食欲そそる丼です。15分以内で作れて、忙しい日でも手軽に魚のおいしさを楽しめます。
14807,減塩,塩分を抑えながらも、しょうがやにんにくの香りで満足感のある餃子です。タレをつけすぎず、焼きたてを楽しめば、減塩中でもうれしい一品になります。
14807,general,野菜と豚肉のうまみがぎゅっと詰まった、食べごたえのある焼き餃子です。手作りならではの香ばしさで、家族みんなで楽しめる定番おかずになります。
14807,beginner,具を混ぜて包み、焼くだけの手順で作りやすいレシピです。コツは皮をしっかり閉じることと、こんがり焼き色をつけること。初めてでも挑戦しやすいですよ。
15374,general,甘辛みそだれが豚バラとピーマンによく絡んで、ごはんが進む一品です。30分以内で作れるので、忙しい日の主菜にもぴったり。
15374,貧血,豚バラ肉で鉄分をしっかり補え、ピーマンのビタミンCが吸収を後押しします。手軽に作れて、貧血が気になるときの献立にもおすすめです。
15374,ダイエット,こってり味でも、ピーマンを合わせて満足感を出しやすい炒め物です。食べ応えがあるので、主菜でしっかり満たしたい日に向いています。
15526,減塩,だしのうまみで満足感はありますが、えび天やかまぼこで塩分はやや多め。汁は少なめにして、具をしっかり味わう食べ方がおすすめです。
15526,general,だしの香りに、えび天・卵・野菜が入った満足感のある一杯です。寒い日や疲れた日に、ほっと温まる定番のごちそううどんです。
15526,beginner,材料をそろえれば、あとは煮るだけで手軽に作れます。冷凍ほうれん草や市販のえび天を使えば、忙しい日でもさっと完成します。
15799,便秘,たけのこやしいたけ、きゅうりを合わせて食物繊維がしっかりとれる一品です。よく混ぜて食べるじゃじゃ麺なら、満足感もありながら野菜をおいしく取り入れられます。
15799,general,甘みのある肉みそをうどんにからめて楽しむ、食べごたえのある盛岡じゃじゃ麺です。3ステップで作れるので、忙しい日にも気軽にご当地気分を味わえます。
15821,general,外はカリッ、中はやわらかな豆腐に、だしのきいたあんがよく合います。大根おろしとしょうがで後味さっぱり、食卓がほっとする一品です。
15821,減塩,だしのうまみと大根おろし、しょうがを活かせば、しょうゆ控えめでも満足感のある味わいに。揚げたての香ばしさで、塩分を抑えたい日にもおすすめです。
15821,beginner,4ステップで作れるので、揚げ物が初めてでも挑戦しやすい一品です。豆腐に粉をまぶして揚げ、あんをかけるだけで、見栄えよく仕上がります。
16043,減塩,ぽん酢しょうゆで味つけするので、塩を足しすぎなくても満足感のある一品です。豆腐でふんわり仕上がり、食べごたえも軽やかに楽しめます。
16043,ダイエット,豆腐を合わせたハンバーグは、ボリュームがありながら重くなりにくいのがうれしいポイント。野菜も添えて、満足感のある主菜にできます。
16043,貧血,牛赤身ひき肉を使うので、鉄分をしっかり補いたいときに役立つレシピです。豆腐でかさ増ししながら、無理なく食べやすく仕上がります。
16043,general,豆腐入りでやわらかく、ぽん酢しょうゆのさっぱり感がよく合う和風ハンバーグです。野菜も添えて、見た目も味わいもバランスよく楽しめます。
16043,beginner,材料を混ぜて焼くだけで作りやすく、いつものハンバーグより軽やかに仕上がります。豆腐入りなので失敗しにくく、初めてでも挑戦しやすいです。
16068,general,にんにくバターしょうゆの香りで、かじきがぐっと食べやすくなる一品です。4ステップで手早く作れて、ベビーリーフを添えれば彩りもきれいに仕上がります。
16068,ダイエット,かじきでたんぱく質をしっかりとりながら、主菜を軽めに楽しめるソテーです。バターのコクはありつつも、短時間調理で満足感のある一皿に仕上がります。
16068,beginner,下ごしらえも少なく、焼いて味つけするだけのシンプルな手順です。にんにくバターしょうゆの定番味で失敗しにくく、料理初心者でも作りやすいですよ。
16188,減塩,さば缶のうまみを生かして、調味料は控えめでも満足感のある味わいに。フライパンひとつで作れるので、忙しい日にも取り入れやすい一皿です。
16188,ダイエット,たんぱく質がしっかりとれて、麦ごはんで食べごたえもアップ。野菜も一緒にとれるので、主食・主菜をバランスよく整えたい日にぴったりです。
16188,血糖,押麦入りのごはんで、白米よりも食物繊維をとりやすいのがうれしいポイント。さばのたんぱく質も加わって、満足感のある食事にしやすいです。
16188,便秘,さば缶とトマト、ブロッコリー、押麦で食物繊維をしっかり補いやすいカレーです。おいしく食べながら、毎日のすっきりを目指したいときにおすすめです。
16188,general,さば缶とトマトのうまみがぎゅっと詰まった、手早く作れるカレーです。フライパンひとつで仕上がるので、忙しい日でも気軽に楽しめます。
16188,beginner,切る手順が少なく、フライパンひとつで手軽に作れるのが魅力です。缶詰を使うので失敗しにくく、料理初心者さんにも挑戦しやすいレシピです。
16276,脂質,赤身ひき肉を使い、油も控えめで仕上げるドライカレーです。しっかり食べごたえはありつつ、脂質を抑えたいときの主菜にぴったりです。
16276,ダイエット,麦ご飯と赤身肉、たっぷり野菜で満足感のある一皿。スパイスの香りで少ない油でもおいしく、カロリーを意識したいときにうれしいレシピです。
16276,血糖,押麦入りのご飯と野菜が入って、主食の工夫がしやすいドライカレーです。食べごたえがありながら、血糖値が気になる日の献立にも取り入れやすいです。
16276,貧血,赤身のひき肉で鉄分をとりやすく、野菜も一緒に食べられるのが魅力です。スパイスの香りで食欲もわき、しっかり栄養をとりたい日におすすめです。
16276,便秘,押麦と野菜がしっかり入った、食物繊維をとりやすいドライカレーです。炒めるだけで作りやすく、毎日の食事に取り入れやすいのもうれしいポイントです。
16276,general,スパイスの香りと赤身肉のうまみで、満足感たっぷりのドライカレーです。野菜も麦ご飯も一皿で食べられて、忙しい日にも頼れるメニューです。
16276,beginner,材料を切って炒める手順が中心なので、料理初心者でも作りやすい一品です。スパイスを使っても手順はシンプルで、気軽に挑戦できます。
16290,減塩,かにのうまみやしいたけのだしを生かして、塩分ひかえめでも満足感のある一品です。やさしい味つけで、毎日の食事に取り入れやすいのもうれしいですね。
16290,ダイエット,ふんわり卵とかにで、しっかり食べごたえがありながらエネルギーは控えめ。主菜にしても重くなりにくく、食事のバランスを整えたいときにぴったりです。
16290,貧血,かにや卵に加えて、しいたけや長ねぎも使うので、いろいろな食材をおいしくとれるのが魅力です。手軽に作れて、食事の栄養を底上げしたい日におすすめです。
16290,general,ふんわり食感の卵とかにのうまみが楽しめる、やさしい味わいのかに玉です。ケチャップだれで食べやすく、短時間で作れるので、忙しい日の主菜にも活躍します。
16290,beginner,材料を混ぜて焼き、あんをかけるだけで作りやすい一品です。手順もシンプルなので、料理初心者さんでもふんわり仕上げやすく、気軽に挑戦できます。
16294,減塩,たくあんのうまみとしらすの塩気をいかして、調味料をほとんど使わずに満足感のあるおむすびに。塩分を控えたい日にも取り入れやすい一品です。
16294,general,もち麦のぷちぷち食感に、たくあんの歯ごたえとしらすの旨みがよく合うおむすびです。炊飯器でまとめて作れて、朝食やお弁当にも活躍します。
16294,beginner,炊飯器でごはんを炊いて混ぜるだけなので、むずかしい工程が少なく作りやすいレシピです。3ステップでできるので、おむすび作りが初めてでも気軽に挑戦できます。
16356,減塩,蒸し鶏のうまみを活かし、味つけはコチュジャンだれでしっかり満足感。塩分を抑えながら、食べごたえのある一皿に仕上がります。
16356,ダイエット,電子レンジで手軽に作れる、たんぱく質しっかりの蒸し鶏です。脂質を抑えつつ満足感があり、主菜にぴったりです。
16356,脂質,鶏むね肉を使った、比較的あっさりした蒸し鶏です。余分な油を使わずに作れて、コレステロールが気になる方にも取り入れやすいです。
16356,general,電子レンジで手軽に作れる韓国風の蒸し鶏です。やわらかな鶏むね肉に、ピリ辛だれともやしがよく合い、さっぱり食べられます。
16356,beginner,電子レンジで蒸すだけなので、料理初心者でも挑戦しやすいレシピです。下ごしらえもシンプルで、忙しい日にも作りやすいです。
16565,減塩,しょうゆは控えめでも、しょうがやごま油の香りでしっかり満足感。電子レンジで手早く作れるので、塩分を気にするときの主菜にぴったりです。
16565,ダイエット,豚ひき肉のうまみで少ない調味料でもおいしく、キャベツを添えれば食べごたえもアップ。電子レンジ調理で手軽にたんぱく質をとれます。
16565,貧血,豚肉で鉄分を、玉ねぎやしょうがで食べやすさをプラス。短時間で作れるので、忙しい日でも無理なく栄養を補いたいときにおすすめです。
16565,general,電子レンジで作れるので、シュウマイ作りのハードルがぐっと下がります。忙しい日でも手軽にできて、家族みんなで楽しめる一品です。
16565,beginner,包んで並べてレンジにかけるだけで、むずかしい火加減いらず。シュウマイ初心者でも失敗しにくく、気軽にチャレンジしやすいレシピです。
16567,general,しょうゆとオイスターソースのコクで、ごはんが進む定番の煮豚です。下味をつけて煮るだけで、見た目も満足感もばっちり。
16567,ダイエット,豚もも肉を使うので、脂質を抑えながらたんぱく質をしっかりとれます。食べごたえがあり、主菜を軽めにしたい日におすすめです。
