step_id,recipe_id,step_number,step_text
8366,1691,1,玉ねぎはみじん切りにし、ボウルに入れます。鶏ひき肉、Aを加え、粘りが出るまで捏ねます。
8369,1691,2,１のタネを１人３個付けになるように等分にします。青じそを広げてタネを挟み、軽く形をととのえます。
97272,1691,3,フライパンにサラダ油を弱火で熱し、タネを重ならないように並べます。
8372,1691,4,弱火でじっくり焼き、焼き色がついてきたらひっくり返します。
8373,1691,5,蓋をして５分ほど蒸し焼きにし、中まで火が通ったら出来上がりです。
98763,2460,1,A、Bはそれぞれ混ぜ合わせておきます。
12473,2460,2,鶏肉は厚みを半分にして開きます。ラップをかぶせて厚さ１cmほどになるまでめん棒でたたいてのばし、半分に切ります。
12474,2460,3,Aをまぶした後、Ｂをまぶしてしっかりおさえて衣をつけます。
12475,2460,4,フライパンにサラダ油を中火で熱し、３を並べて両面がきつね色になるまで３〜４分ほど焼きます。
35367,2460,5,器に盛り、ベビーリーフ、ミニトマトを添えたら出来上がりです。
26511,4907,1,Ａの調味料を混ぜ合わせます。
26512,4907,2,豚肉とさやいんげんは４cmの長さに切ります。なすは縦に６〜８等分に切り、長さを半分にします。
26513,4907,3,フライパンにごま油を熱し、２を並べ、蓋をして中火で蒸し焼きにします。※途中、軽く混ぜます
26514,4907,4,全体に火が通ったらＡを加え、炒め合わせて出来上がりです。
32130,5832,1,牛肉に塩と粗びき黒こしょうをまぶし、赤ワインとローリエに漬け込みます。
32131,5832,2,じゃがいもは皮をむき、大きめに切ったら水にさらします。玉ねぎは２cm幅に切り、マッシュルームは半分に切ります。
32132,5832,3,にんじんは皮をむき３等分に切ったら、１つを４等分に切り角を削いで丸くします。
32133,5832,4,ブロッコリーは一口大に切り、さっとゆでてざるにあげます。
32135,5832,5,熱した鍋にバターをひき、牛肉を中火で焼きます。漬けていた赤ワインは捨てずにとっておきます。
32136,5832,6,玉ねぎとにんじんを加え、玉ねぎがしんなりとしたらじゃがいもを加え炒めます。
32137,5832,7,水と肉を漬け込んでた赤ワインを入れ、一煮立ちしたら弱火にしてアクを取ります。
32138,5832,8,ローリエを入れ、蓋をして弱火で20分煮ます。
32140,5832,9,マッシュルームとAを入れ、蓋をせずに15分煮ます。
32141,5832,10,塩、粗びき黒こしょうで味をととのえ、じゃがいもを戻し味をなじませます。
32142,5832,11,器に盛り付け、ブロッコリーを飾って出来上がりです。
40616,7275,1,玉ねぎは粗みじん切り、トマトは皮をむいてざく切りにします。しょうがとにんにくはみじん切りにします。
40617,7275,2,鍋にオリーブ油とクミンシードを弱火で熱し、パチパチと音がしてきたら、しょうがとにんにくを加え炒め合わせます。
40618,7275,3,にんにくの香りがしてきたら中火にし、玉ねぎを加えてしんなりとするまで炒めます。
40619,7275,4,ひき肉を加えてそぼろ状になるまで炒めたら、Aのスパイスを加えて肉になじむよう1分ほど炒めます。
92585,7275,5,トマトを加え、トマトの形が少し崩れて水けが出るまで炒め合わせます。
40620,7275,6,ヨーグルトを加え混ぜてから、水を加えます。弱火で10ほど煮たら大豆を加え、さらに５分煮ます。
40621,7275,7,塩とガラムマサラで味付けし、全体を大きく混ぜながら汁けがなくなるまで炒めます。器に盛り、パセリを振って出来上がりです。
112505,7275,8,このレシピは、より作りやすくなるように一部内容を見直しました。（2025年11月）
41753,7452,1,トマトは２〜３cm大の角切りにします。
41754,7452,2,卵に塩を加え、溶きほぐします。フライパンにごま油の半量を中火で熱し、卵を流し入れて炒り卵を作り、一度取り出します。
41755,7452,3,２のフライパンに残りのごま油を中火で熱し、トマトを炒めます。トマトがしんなりとしたらＡを加え、炒り卵を戻し入れます。
67771,7452,4,軽く炒め合わせたら、器に盛ります。ベビーリーフを添えて出来上がりです。
41858,7474,1,キャベツとマヨネーズをボウルに入れ、全体を混ぜます。
41859,7474,2,パンの１枚にチーズ、ベーコンの順にのせます。
90882,7474,3,２と何もつけていないパンをオーブントースターでこんがりと焼きます。
41863,7474,4,焼き上がったら、何もつけていないパンに粒マスタードを塗ります。
41864,7474,5,台にラップを敷き、粒マスタードを塗ったパンを並べ、中央部が山状になるようにキャベツをのせます。
41866,7474,6,チーズとベーコンがのったパンを上にかぶせ、しっかり押さえます。キャベツが脇からはみ出していたら、中に入れ込みます。
41868,7474,7,ラップを少し引っ張るようにしてしっかりと包み込み、そのまま数分おきます。ラップに包んだまま、包丁で半分に切ります。
43592,7757,1,長ねぎはせん切りにし、三つ葉は長さ３cmに切ります。
100306,7757,2,鮭は３等分に切り、塩と酒を振ります。５分ほどおいたら、ペーパータオルで水けを拭き取ります。
43591,7757,3,フライパンにサラダ油を中火で熱し、鮭と混ぜ合わせたＡを入れ、鮭に味が絡むように５〜６分ほど焼きます。
43593,7757,4,器に盛り付け、長ねぎ、三つ葉を添えたら出来上がりです。
53638,9665,1,そら豆は熱湯で１分ほどゆで、薄皮を除きます。
53639,9665,2,豚肉は食べやすい大きさに切ってAに５分ほど漬けたら、片栗粉をまぶします。
53637,9665,3,フライパンにサラダ油を中火で熱し、豚肉を炒めます。豚肉の色が変わったらそら豆を加え炒め合わせます。
53640,9665,4,混ぜ合わせたBを加え、味が絡まるように炒めたら出来上がりです。
55893,10094,1,ほたてはさっと洗って水気を拭き取り、食べやすい大きさに切る。エリンギも食べやすい大きさに切り、玉ねぎは薄切りにする。
55894,10094,2,フライパンにオリーブオイルを熱し、１を炒める。ほたては火が通ったら、いったん取り出す。
55895,10094,3,２に半分に折ったスパゲッティとAを加え、スパゲッティの表示時間かき混ぜながら弱火で煮る。
55896,10094,4,焼いたほたてを戻し入れ、パルメザンチーズを加えてさっと煮、器に盛りつけてパセリを散らす。
57385,10434,1,玉ねぎは一口大に切ります。耐熱容器に入れてふんわりとラップをし、電子レンジ（600w）で２分ほど加熱します。
57386,10434,2,エリンギは食べやすい大きさに切り、しょうがはみじん切りにします。レタスは食べやすい大きさにちぎります。
88477,10434,3,ぶりは一口大に切ってボウルに入れ、塩と酒を振り10分ほどおきます。水けを拭き取り、片栗粉を薄くまぶします。
57640,10434,4,フライパンにサラダ油としょうがを弱火で熱し、香りが立ったらぶりを皮目が下になるように並べ、中火で焼きます。
57387,10434,5,ぶりの片面に焼き色がついたら、エリンギを加えて炒めます。
57388,10434,6,玉ねぎを加えさっと炒めて弱火にし、Aの調味料を加えて混ぜ合わせます。
57389,10434,7,全体に味がなじんだらしょうゆを回し入れ、さっと炒め合わせます。レタスをしいた器に盛り付けて出来上がりです。
57761,10543,1,ボウルに鶏ひき肉、長ねぎ、しょうが、白ごま、塩を加えて、全体がねっとりするまでよく混ぜる。
57762,10543,2,鍋に鍋のつゆの材料の水を沸かし、湯がふつふつするくらいの火かげんに調整する。
57795,10543,3,1を食べやすい大きさに丸めながら２に入れてゆでる。浮き上がったら、別の器に移す。
57763,10543,4,3の湯にみそを溶き入れる。再び沸いたら、もやし、にら、白菜キムチ、3の肉団子を入れて煮る。
59142,10806,1,鶏肉は一口大に切ります。水煮トマトはざるでこし、種と皮を取り除きます。
59143,10806,2,鍋に油を熱し、玉ねぎを黄金色からあめ色になるまでじっくり炒めます。小麦粉をまぶした鶏肉を入れ、さらに炒めます。
59144,10806,3,おろししょうがとAを加えて炒め、Bを加えます。酸味が飛ぶまで、20分ほど煮ます。
59145,10806,4,器にご飯を盛り付けて３のカレールーをかけ、ご飯にパセリを散らします。
60344,11063,1,豚肉は１枚ずつ巻いてかたまりにし、片栗粉を薄くまぶします。パプリカは縦に幅２cmくらいに切り、小ねぎは小口切りにします。
60345,11063,2,フライパンを中火で熱して半量のごま油を入れ、豚肉を焼きます。全体に焼き色がつくまで焼いて取り出します。
89964,11063,3,同じフライパンに残りの油を加えて中火で熱し、パプリカを加えて少ししんなりするまで炒めます。
63544,11063,4,豚肉を戻し入れて混ぜ合わせたAを加え、全体に味がよく絡むまで炒め合わせます。
60346,11063,5,器に盛り、小ねぎを散らして出来上がりです。
60710,11140,1,じゃがいもは皮をむいて６〜８等分に切る。鍋にひたひたの水とともに入れて火にかけ、竹串がすっと通るまでゆでる。
60711,11140,2,玉ねぎは耐熱容器に入れ、ラップをかけて電子レンジ（600W）で約１分加熱する。※加熱時間は２人分の目安。
60712,11140,3,１がゆで上がったら水気をきって乾煎りし、熱いうちにつぶす。１と２、Aの材料をすべて混ぜ合わせる。
60713,11140,4,３を一人２個付けになるように等分し、好みの形に成形する。
60714,11140,5,小麦粉、溶き卵、パン粉の順に衣をつけ、180℃の油できつね色になるまで揚げる。
60992,11140,6,器にちぎったサニーレタスとともにコロッケを盛りつけ、お好みでソースをかける。
60715,11141,1,厚揚げは縦半分に切り、１cm厚さに切る。青ねぎは斜め薄切り、ザーサイは細切りにする。
60716,11141,2,きくらげは水で戻してせん切りに、しょうがもせん切りにする。
60717,11141,3,フライパンにごま油を熱し、１と２を入れて炒める。
60991,11141,4,火が通ったら器に盛りつけ、粗挽き黒こしょうをふる。
60850,11151,1,サニーレタスは食べやすい大きさに手でちぎります。ブロッコリーは小房に分け、熱湯で色よくゆでます。
60849,11151,2,豚肉は茶こしを使って両面に薄く小麦粉を振ります。
60854,11151,3,玉ねぎは１cm幅くらいのくし切りにします。
60855,11151,4,フッ素樹脂加工のフライパンに油を入れて火にかけ、豚肉を入れて両面焼きます。火が通ったら取り出します。
60856,11151,5,４のフライパンに玉ねぎを入れて炒め、しんなりしたら豚肉を戻し入れ、弱火にして混ぜ合わせたAを加えて絡めます。
60857,11151,6,器に野菜と生姜焼きを盛り付けます。
60884,11157,1,鶏肉は食べやすい大きさに切ります。玉ねぎは２cm幅のくし切り、かぼちゃは一口大に切ります。
60885,11157,2,大きめの耐熱ボウルに鶏肉以外の１と水煮トマトを入れ、ラップをかけて電子レンジ（600ｗ）で約３分加熱します。
60886,11157,3,鶏肉を加えてざっとかき混ぜ、ラップをかけてさらに３分加熱します。
60887,11157,4,３を鍋に入れて水を加え、火にかけて５分ほど煮ます。一旦火を止め、Aを加えてルーを溶かします。
60888,11157,5,弱火で10分ほど煮込み、ご飯とともに器に盛りつけます。
60900,11163,1,鯖は切り込みを入れ、酒と半量の塩をふって20分ほどおきます。
60920,11163,2,大根おろしは軽く水けをきります。
60901,11163,3,１の汁けをふき取り、残りの塩をふってグリル等でこんがり焼きます。
60902,11163,4,器に鯖を盛りつけ、青じそをしいて大根おろしを添えます。
88806,11225,1,ブロッコリーは袋の表記通りに解凍し、水けをきります。ミニトマトは半分に切ります。
61139,11225,2,ボウルに卵を割り入れ、Aを加えて溶き合わせたら、さばを加えてさっと混ぜます。
61140,11225,3,天板またはアルミホイルの上にパンをのせ、耳から１cm内側を指やスプーンなどで押してくぼませます。
61141,11225,4,くぼみに２を流し入れ、ブロッコリーとミニトマトをのせたら、ピザ用チーズを散らします。
61142,11225,5,オーブントースターで卵がかたまるまで、様子をみながら10分ほど焼いて出来上がりです。
61539,11292,1,里いもは皮付きのまま耐熱容器に入れ、ふんわりとラップをします。電子レンジ（600ｗ）で３分ほど加熱しやわらかくします。
61540,11292,2,里いもは皮をむき、食べやすい大きさに切ります。
61538,11292,3,かに風味かまぼこは軽くほぐします。たらは食べやい大きさに切り、塩を振ります。
61541,11292,4,たらの水けをペーパータオルで拭きます。小麦粉を薄くまぶし、サラダ油を中火で熱したフライパンで焼きます。
61542,11292,5,両面に焼き色がついたら里いもを加え、さっと炒め合わせます。余分な油をペーパータオルで拭き、Aを加えて煮絡めます。
61543,11292,6,かに風味かまぼこを加え、とろみがついてきたら器に盛ります。粗びき黒こしょうを振り、小ねぎを散らしたら出来上がりです。
93507,11565,1,ベーコンは幅１cmに切ります。
63595,11565,2,耐熱容器にキャベツを入れて、ベーコンを散らします。
68619,11565,3,中央にくぼみをつくり、卵を割り入れます。アルミホイルをかけて、オーブントースターで卵に火が通るまで８分ほど焼きます。
63598,11565,4,塩、こしょうを振って出来上がりです。
64547,11749,1,鶏むね肉は包丁で厚みを均等にします。酒と砂糖を振り揉んだら、５分ほどおきます。
64548,11749,2,耐熱の器に入れ、ふんわりとラップをかけたら、電子レンジ（600ｗ）で１〜１分30秒加熱し、中まで火を通します。
64752,11749,3,粗熱が取れたら、食べやすい大きさに切ります。
64549,11749,4,器にサラダミックスを広げ、３の鶏肉を盛ります。混ぜ合わせたBをかけて完成です。
65397,11921,1,春雨はぬるま湯を入れたボウルに10分ほどつけて戻します。戻ったら水けをきり、３cmくらいの長さに切ります。
65398,11921,2,キャベツは葉の長さを半分に切ってから５mm幅の細切りにし、にらは３cmの長さに切ります。豚肉は３cm幅に切ります。
65399,11921,3,ボウルに春雨と２、調味料を入れて混ぜ合わせます。
65400,11921,4,春巻きの皮の角のひとつを手前にして、ひし形の中央よりやや下あたりに３の具材をのせます。
65401,11921,5,手前から皮の中央くらいまで２回巻きます。左右の皮を内側に折りたたみ、最後まで皮をくるくると巻きます。
65402,11921,6,皮の端を水溶き小麦粉でのり付けして止めます。皮がしっかりとくっつくまで、巻き終わりを下にしておきます。
65403,11921,7,６の表面に、刷毛でサラダ油を塗ります。
65804,11921,8,オーブントースターの天板に７を並べ、両面を3〜5分ずつ焼き色がつくまで焼きます。レタスをしいた器に盛ります。
65618,11944,1,ピーマンは縦半分に切ってからヘタと種を取り除き、縦方向の細めの乱切りにします。
65619,11944,2,ゆでたけのこは縦方向にピーマンと同じ位の幅の細切りにします。
89711,11944,3,豚もも肉は、繊維に沿って１cm幅の細切りにします。
65641,11944,4,片栗粉以外の豚肉の下味用の調味料を入れて混ぜ合わせ、最後に片栗粉を入れて揉み込みます。
65642,11944,5,フライパンにサラダ油を入れて弱火にし、豚肉を入れます。
65643,11944,6,肉の表面の色が白っぽく変わってきたらピーマンとたけのこを入れ、強火にして炒めます。
65644,11944,7,一旦火を止めて仕上げの調味料を入れ、再び中火にかけます。さっと全体をなじませて出来上がりです。
65727,11959,1,鶏むね肉は包丁で観音開きにし、下味用の調味料をまぶして10分おいておきます。
65728,11959,2,長ねぎはみじん切りにし、しょうがはすりおろします。
65729,11959,3,蒸し器にペーパータオルを敷いて１の鶏肉を入れ、中火で５分、強火で３分蒸します。
65730,11959,4,蒸し器から取り出し、ペーパータオルで包んで粗熱を取ります。
65731,11959,5,たれ用の調味料を合わせ、長ねぎとしょうがを入れて混ぜ合わせます。
65732,11959,6,きゅうりはマッチ棒より太めの細切りにして、器に盛り付けます。
65733,11959,7,鶏むね肉は包丁で繊維に沿って細切りにして、きゅうりの上にのせます。ごまだれをかけて出来上がりです。
65864,11967,1,玉ねぎは幅２cmのくし形切りに、にんじんは厚さ１cmのいちょう切りにします。じゃがいもは大きめの一口大に切ります。
65865,11967,2,しょうがとにんにくはみじん切りにします。
65863,11967,3,豚肉は一口大に切ります。
65866,11967,4,鍋にしょうがとにんにく、カレー粉、ごま油を入れて中火にかけ、焦がさないように炒めます。
65867,11967,5,豚肉と玉ねぎを加え、玉ねぎが少し透き通るまで炒めます。
65868,11967,6,にんじんとローリエを加えてさっと炒め、塩とこしょう、酒、水を加えて煮立たせ、アクを取ります。
65869,11967,7,じゃがいもを加えます。ふつふつとしてきたら蓋をして、弱火で約10分煮ます。
65870,11967,8,火を消し、カレールウを加えて溶かします。再び弱火にかけ、ウスターソースとしょうゆを加え、さらに10分煮ます。
65871,11967,9,器にご飯を盛り、カレーをかけます。
65844,11990,1,しょうがはきれいなものなら皮をむかずに、1mmくらいの薄切りにします。さばは皮目に切り込みを入れます。
65845,11990,2,鍋に煮汁の材料を入れて、強火で煮立てます。
65846,11990,3,さばを１切れずつ皮目を上にして並べ入れ、しょうがを散らします。
65847,11990,4,皮目に煮汁をかけ、さばの表面に火が通ったら、落とし蓋をして中火で10分煮ます。
65848,11990,5,みそを煮汁で溶いて加えます。さばに煮汁をかけながら、２〜３分煮たら出来上がりです。
66301,12021,1,キャベツは２cm四方に、小ねぎは小口切りにします。豚肉は３cmの長さに切ります。
66302,12021,2,長いもは皮をむいてすりおろし、だし汁、卵、酒、しょうゆと合わせて泡立て器やフォークなどでよく混ぜます。
66303,12021,3,ふるった薄力粉を加えて混ぜ合わせ、なめらかになったら、キャベツ、小ねぎを加えてさっと混ぜ合わせます。
66304,12021,4,フライパンを中火で熱してごま油をひき、３を入れて15cmほどの丸型に整えます。
66305,12021,5,表面に豚肉をのせ、焼き目がつくまで約４分焼きます。
66306,12021,6,裏返して弱火にし、約８分焼きます。器に盛り、ソース、青海苔、かつお節をのせて出来上がりです。
66187,12046,1,鮭にレモン汁と塩、こしょうを振り、10分ほどおきます。
66188,12046,2,バットにAを入れて混ぜ合わせ、平らにならします。
66189,12046,3,鮭の水分をペーパータオルで拭き取り、両面にマヨネーズを塗ります。２のバットに入れて全体にパン粉をつけます。
66191,12046,4,フライパンにオリーブ油を弱めの中火で熱し、３の鮭を皮目を下にして焼きます。
66192,12046,5,焼き色が付いたら裏返し、３〜５分焼きます。※火の通りが心配な場合は蓋をします。
66193,12046,6,器に盛り、食べやすい大きさにちぎったリーフレタスとミニトマトを添えて出来上がりです。
66755,12046,7,※Ａのバジルパン粉は全体の４割を付着量として栄養価計算しています。
67550,12277,1,食パンの中央に指でくぼみを作り、卵を割り落とします。
67552,12277,2,天板にアルミホイルを敷き、食パンをのせたらオーブントースターで10分ほど焼きます。
67553,12277,3,卵が半熟状に固まり全体に焼き色がついたら、器に盛り、ハーブ入りソルトをかけます。
68316,12394,1,パセリはみじん切りにします。ブロッコリーは小房に分け、レモンはくし形切りにします。
68240,12394,2,いわしは頭と内臓をとってよく洗い手開きにします。余分な水分を拭き取り、両面に塩とこしょうを振ります。
68241,12394,3,ボウルにAの材料を入れ、よく混ぜ合わせます。
68242,12394,4,アルミホイルを敷いた天板に、いわしの皮を下にして並べます。３をのせ、周りにブロッコリーを並べます。
68243,12394,5,オーブントースターで10分ほど焼きます。生焼けの場合は、アルミホイルを被せて様子をみながら追加で焼きます。
69332,12394,6,器にいわし、ブロッコリー、トマト、レモンを盛り付けて出来上がりです。
73750,13441,1,大根は厚さ３mmのいちょう切りにします。しょうがとにんにくはせん切りにします。
73751,13441,2,豚肉は食べやすい大きさに切り、塩を振って下味をつけます。
73752,13441,3,フライパンにサラダ油を弱火で熱し、しょうがとにんにくを香りが出るまで炒めます。
73754,13441,4,豚肉を加えて色が変わるまで炒めたら、大根を加えます。
73755,13441,5,大根が半透明になったら合わせ調味料を加え、全体を軽く混ぜて蓋をします。
73756,13441,6,弱火で５分ほど煮て、大根に竹串がすっと通るくらいやわらかくなったら、蓋を取ります。
89096,13441,7,中火にし、汁けがほぼなくなるまで炒めながら煮たら火を消します。
73757,13441,8,器に盛って青ねぎをのせ、好みで七味とうがらしを振ります。
74055,13500,1,カット野菜とまぐろの刺し身を器に盛り付けます。
74056,13500,2,オリーブ油をまわしかけ、塩とこしょうを振り、レモン汁をかけます。
74050,13502,1,チンゲン菜は長さ４cmに切り、葉と茎に分けます。しいたけとにんにくは薄切りにします。
74549,13502,2,フッ素樹脂加工のフライパンにチンゲン菜の茎を並べ、豚こま肉を広げてのせます。
74550,13502,3,しいたけとにんにく、赤とうがらしをのせて塩を振ります。
89376,13502,4,チンゲン菜の葉ものせ、ごま油を回しかけます。
74049,13502,5,蓋をして中火で７分ほど加熱し、肉に火が通ったら出来上がりです。
78919,14459,1,Aの梅干しは軽くたたき、調味料と混ぜ合わせます。
78920,14459,2,いわしに小麦粉をまぶし、余分な粉をはたきます。
78921,14459,3,フライパンにサラダ油を中火で熱し、いわしの皮目を下にして並べ、きつね色になるまで両面を焼きます。
78922,14459,4,火を消してAを加え、いわしによく絡めます。
78923,14459,5,ボウルにBを入れ、ベビーリーフと手でちぎった焼き海苔を加えてあえます。
78924,14459,6,丼にご飯を盛り、５と４をのせます。
80838,14807,1,氷水を当てたボウルに豚ひき肉とAを入れてよく混ぜます。
80839,14807,2,粘りが出てきたら、冷やしておいたキャベツと玉ねぎ、にらの水分を手でしっかりと絞って加え、さらに混ぜます。
80840,14807,3,餃子の皮のフチに水（分量外）をつけ、２のあんを大さじ１くらいのせます。
80841,14807,4,空気を抜くように皮を半分に折りたたんで包み、真ん中に１つだけひだを作ります。
80842,14807,5,フライパンにごま油を入れ、餃子を立てて並べます。火をつけて中火にします。
80843,14807,6,少し焼いてから、水100ml（分量外、２人分の場合）を入れ、すぐに蓋をします。水分がなくなるまで蒸し焼きにします。
80846,14807,7,たれ用の調味料を混ぜ合わせ、餃子に添えて出来上がりです。
83812,15374,1,ピーマンは縦半分に切り、へたと種を取り、さらに横２〜３等分に切ります。豚肉は４cm幅に切ります。
83813,15374,2,空のフライパンを中火で熱し、ピーマンに焦げ目がつくまで焼き、一度取り出します。
83814,15374,3,フライパンを再び中火で熱し、片栗粉をまぶした豚肉を両面がカリカリになるまで焼きます。
83815,15374,4,弱火にしてフライパンにたまった脂を拭き取り、混ぜ合わせたAを入れて全体に絡めます。
83816,15374,5,火を中火にしてピーマンを戻し入れて、全体を炒め合わせます。器に盛り、好みで七味とうがらしを振ります。
84738,15526,1,しいたけは石づきを落として花切りにし、かまぼこは１cmの厚さに切ります。
84740,15526,2,土鍋にAを入れて中火にかけ、ひと煮立ちしたらうどんを入れて蓋をします。再び煮立ったら弱火にし、３分ほど煮込みます。
84741,15526,3,蓋を開け、ほうれん草は冷凍のまま入れ、真ん中に卵を割り入れます。蓋をし、卵が好みのかたさになるまで加熱します。
84742,15526,4,蓋を開け、えび天とかまぼこをのせて出来上がりです。
84750,15526,5,※栄養価はつゆの全体の1/2量を可食量として計算しています。
86335,15799,1,フッ素樹脂加工のフライパンを中火で熱し、ひき肉を炒め、脂が出てきたら、にんにく、しょうが、ねぎを加え、さらに炒めます。
86336,15799,2,たけのこ、しいたけを加え、油が回るまで炒め、混ぜ合わせたAをからめます。
86337,15799,3,うどんをほぐして器に盛ります。２をかけ、きゅうり、ねぎ（飾り用）、紅しょうがをのせて完成です。
86402,15821,1,豆腐は食べやすい大きさに切ります。ペーパータオルで包み、皿などの重しをおき、30分〜１時間おいて水きりします。
86403,15821,2,片栗粉と小麦粉を１：１で混ぜ合わせ、１にまぶします。170℃の油で、全体が色づくまで揚げます。
86404,15821,3,Aを鍋に入れ、ひと煮立ちさせます。
86405,15821,4,器に２を盛り、３をかけます。大根おろし、しょうがを添え、ねぎを振って完成です。
87807,16043,1,たね用の玉ねぎは耐熱容器に入れます。ラップをせずに電子レンジ（600ｗ）で１分加熱し、粗熱を取ります。
87806,16043,2,豆腐はペーパータオルに包んで耐熱の器にのせ、ラップをせずに電子レンジ（600ｗ）で１分加熱し、水けをきります。
87808,16043,3,パン粉に牛乳を加えてふやかします。トッピング用の玉ねぎは水にさらして水けをきります。
87809,16043,4,ボウルにひき肉、塩、こしょう、ナツメグを加え、粘りが出るまでよく練ります。
87810,16043,5,４のボウルに豆腐をくずしながら加え、玉ねぎ、３のふやかしたパン粉、溶き卵を加えてさらによく練ります。
87811,16043,6,たねを人数分に等分し、両手でキャッチボールをするようにたたいてたねの空気を抜き、小判型に成形します。
87816,16043,7,フライパンにサラダ油を中火で熱し、６を並べて２〜３分焼きます。
87818,16043,8,焼き色が付いたら裏返して弱火にし、蓋をして５分ほど蒸し焼きにします。
87820,16043,9,器にハンバーグを盛り付け、水けをきった玉ねぎ（トッピング用）とブロッコリースプラウトをのせます。
87822,16043,10,ベビーリーフとミニトマトを添え、ぽん酢しょうゆをかけて出来上がりです。
87674,16068,1,めかじきに塩を振って10分ほどおき、ペーパータオルで水けを取ります。小麦粉を薄くまぶします。
87675,16068,2,フライパンを弱めの中火にかけてバターを溶かし、めかじきとにんにくを入れて焼きます。
87676,16068,3,めかじきに焼き色が付いたら裏返し、両面色よく焼きます。火を消してAを加え、予熱で絡めます。
87677,16068,4,器にかじきを盛って粗びき黒こしょうを振り、ベビーリーフを添えます。
88315,16188,1,フッ素樹脂加工のフライパンにAを入れて、弱火で香りが立つまで乾煎りします。
88316,16188,2,トマト缶を加えて中火にします。こげないように時々かき混ぜながら、水分が飛んでペースト状になるまで炒めます。
88317,16188,3,さば缶とBを加えます。時々混ぜながら、７〜８分ほど煮ます。
88318,16188,4,器にごはんを盛り、３をかけ、ブロッコリーを添えて完成です。
88820,16276,1,玉ねぎ、セロリ、にんじんは粗みじん切りにします。
88821,16276,2,フライパンにオリーブ油とAを入れて弱火にかけます。香りが立ったら玉ねぎ、セロリ、にんじんを加え、透き通るまで炒めます。
88822,16276,3,２種のひき肉を加えて全体がなじんだら、Ｂを加えて汁けがなくなるまで炒めます。
88824,16276,4,Cを加えてさっと炒めたら火を消します。
88823,16276,5,器に麦ご飯を盛り付け、４をかけてパセリを散らします。
88858,16290,1,長いもはすりおろし、長ねぎとしいたけはみじん切りにします。
88859,16290,2,ボウルに卵を割って溶きほぐし、長いもと塩を加えて合わせます。かに缶と長ねぎ、しいたけを加えて混ぜ合わせます。
88860,16290,3,フライパンにサラダ油を中火で熱し、２の卵液を流し入れ、弱火にして軽く混ぜ合わせます。
88861,16290,4,卵の縁がかたまってきたら裏返し、両面を焼いて火を通します。
88862,16290,5,４をまな板に取り出し、１人３枚になるよう放射状に切ります。
88863,16290,6,小鍋などにあんの材料を入れて混ぜ合わせ、弱火にかけます。混ぜながらとろみが付くまで加熱します。
88865,16290,7,器に5のかに玉を盛り、６の甘酢あんをかけます。
88878,16294,1,たくあんは7mm角に切ります。
88879,16294,2,もち麦入りご飯に、たくあんと、しらす、白ごまを加えて混ぜ合わせます。
88880,16294,3,1人2個になるように、おにぎりを握って完成です。
89136,16356,1,鶏肉は厚みを均一にし、フォークで数ヶ所穴を開けます。砂糖を揉み込み、10分ほどおきます。
89137,16356,2,もやしを耐熱容器に入れてふんわりとラップをかけ、電子レンジ（600ｗ）で２分ほど加熱します。ざるに広げて粗熱をとります。
89138,16356,3,耐熱容器に鶏肉を入れて酒を振り、長ねぎの青い部分、しょうがを入れてラップをふんわりとかけます。
89139,16356,4,電子レンジ（600ｗ）で３分加熱し、ラップをしたまま５分おいて予熱で火を通します。
89140,16356,5,たれの材料を混ぜ合わせます。
89141,16356,6,もやしは水けを絞って器にしき、食べやすい大きさに切った鶏肉を盛ります。たれをかけ、お好みでスプラウトをのせます。
90112,16565,1,玉ねぎは７mm角ほどに切ります。
90113,16565,2,氷水をあてて冷たくしたボウルに、豚ひき肉と下味用の調味料を入れて、粘りけがでるまでしっかりと練ります。
90115,16565,3,玉ねぎを加えてさらに練ります。１人６個付けになるように丸めてから、シュウマイの皮で包みます。
90116,16565,4,耐熱の器に芯を削いだキャベツをしいて、くっつかないよう間隔をあけて並べます。
92828,16565,5,ふんわりとラップをして、電子レンジ（600w）で５分加熱します。
90117,16565,6,シュウマイとキャベツを器に盛り、たれを付けていただきます。
90685,16567,1,煮汁の材料のしょうがは皮付きのままよく洗い、薄切りにします。にんにくは包丁の腹で潰します。
90140,16567,2,フッ素樹脂加工の鍋を中火で熱し、豚肉の表面をすべて焼きます。
90649,16567,3,鍋に豚肉と煮汁の材料を鍋に入れ、落とし蓋をして30分ほど弱火で煮ます。
90235,16567,4,長ねぎは長さ５cmに切り、中央まで縦に切り込みを入れます。芯の部分を除き、ごく細いせん切りにして５分ほど水にさらします。
90236,16567,5,煮豚は厚さ２〜３mmに切って器に盛り、煮汁は半量くらいに煮詰めます。煮汁をかけ、４の白髪ねぎを天盛りにします。