ingredient_id,recipe_id,ingredient_name,quantity_text,gram
14642,1691,鶏ひき肉,300ｇ,240.0
14644,1691,玉ねぎ,1/4個分（40g）,120.0
14643,1691,青じそ,10枚,4.5
14649,1691,サラダ油,少々,6.0
14646,1691,しょうゆ,小さじ2強,9.0
14645,1691,みそ,小さじ2弱,6.0
14648,1691,片栗粉,小さじ2,6.0
14647,1691,塩,少々,0.6
124367,1691,こしょう,,0.15
21428,2460,鶏むね肉（皮なし）,１枚（300g弱）,320.0
21434,2460,サラダ油,適量,16.0
21438,2460,ベビーリーフ,,60.0
21439,2460,ミニトマト,,40.0
21430,2460,酒,大さじ１,16.0
21437,2460,片栗粉,,8.0
21429,2460,塩,各少々,2.4
21499,2460,こしょう,,0.2
21435,2460,ガーリックパウダー,,1.2
21431,2460,パン粉,1カップ,20.0
21432,2460,粉チーズ,大さじ２,6.0
21433,2460,青のり,大さじ２,2.0
43215,4907,豚もも薄切り肉,60g,70.0
43216,4907,さやいんげん,60g,40.0
43217,4907,なす,1本,80.0
43218,4907,ごま油,大1,3.0
43219,4907,Aみそ,大1,6.0
43220,4907,Ａはちみつ,大1,3.5
43222,4907,Ａオイスターソース,小1,5.0
43221,4907,Ａ白ごま,大1,1.0
51845,5832,牛もも塊肉（脂身なし）,３００g,350.0
51846,5832,赤ワイン,１００cc,100.0
51847,5832,塩,少々,1.0
51882,5832,粗びき黒こしょう,,0.32
51848,5832,ローリエ,１枚,0.5
51849,5832,じゃがいも,２個(２００g),200.0
51850,5832,玉ねぎ,１個(２００g),200.0
51852,5832,マッシュルーム,６個(８０g),75.0
51851,5832,にんじん,１本(１００g),100.0
51862,5832,ブロッコリー,適量,125.0
51861,5832,バター（炒め用）,１０g,5.0
51854,5832,水,３００cc,400.0
51858,5832,ローリエ,１枚,0.5
51859,5832,塩,適量,1.0
51883,5832,粗びき黒こしょう,,0.32
51855,5832,Aデミグラスソース缶,１缶(２９０g),250.0
51856,5832,Aケチャップ,大さじ２,40.0
51857,5832,Aウスターソース,大さじ１,20.0
66005,7275,鶏ひき肉,150g,200.0
66008,7275,大豆水煮,1缶（正味140g）,160.0
66006,7275,玉ねぎ,中1個,200.0
66007,7275,トマト,大きめ1個,160.0
66010,7275,しょうが,1かけ,12.0
66009,7275,にんにく,2かけ,8.0
66017,7275,オリーブ油,大さじ1,8.0
66011,7275,クミンシード,小さじ1/2,0.8
66018,7275,プレーンヨーグルト,大さじ1,30.0
66019,7275,水,250ml,240.0
66020,7275,塩,小さじ1程度,4.0
66021,7275,ガラムマサラ,小さじ1～,2.0
90637,7275,乾燥パセリ,,0.2
66012,7275,クミンパウダー,大さじ1強,6.0
66013,7275,コリアンダー,小さじ2,4.0
66016,7275,ガラムマサラ,小さじ1,2.0
66015,7275,カレー粉,小さじ1,2.0
66014,7275,ターメリック,小さじ1,2.0
67870,7452,トマト,1個,140.0
67869,7452,卵（Lサイズ）,2個,120.0
89443,7452,塩,,0.2
67875,7452,ごま油,大さじ1,6.0
67889,7452,ベビーリーフ,,20.0
67873,7452,酒,小さじ1,6.0
67872,7452,しょうゆ,小さじ1,4.0
67874,7452,塩,小さじ1/2,0.6
68114,7474,ライ麦食パン（５枚切り１枚/人）,2枚,140.0
68115,7474,キャベツ（せん切り）,大2枚,100.0
68116,7474,ショルダーベーコン,1枚,20.0
68117,7474,スライスチーズ,1枚,18.0
68118,7474,マヨネーズ（低カロリータイプ）,大さじ2,16.0
68119,7474,粒マスタード,小さじ1,8.0
70919,7757,鮭（切り身）,,80.0
73103,7757,塩（鮭用）,,0.2
73104,7757,酒（鮭用）,,5.0
70920,7757,サラダ油,,2.0
70924,7757,しょうが（すりおろし）,,3.0
70921,7757,しょうゆ,,4.0
70922,7757,酒,,4.0
70923,7757,みりん,,3.0
70927,7757,長ねぎ,,2.0
70928,7757,三つ葉,,1.0
88911,9665,豚もも薄切り肉,１５０g,140.0
88917,9665,そら豆（薄皮付き）,２０粒,80.0
88916,9665,片栗粉,大さじ１,6.0
88918,9665,サラダ油,大さじ１/２,4.0
88915,9665,しょうが（すりおろし）,少々,4.0
88914,9665,にんにく（すりおろし）,少々,2.0
88913,9665,酒,小さじ１/２,5.0
88912,9665,しょうゆ,小さじ１/２,4.0
88919,9665,オイスターソース,大さじ１,12.0
88920,9665,酒,大さじ１,10.0
88921,9665,粗びき黒こしょう,適量,0.1
92646,10094,ほたて,,60.0
92647,10094,エリンギ,,40.0
92648,10094,玉ねぎ,,30.0
92661,10094,オリーブオイル,,2.0
92649,10094,スパゲッティ,,70.0
92657,10094,粉チーズ,,4.0
92660,10094,パセリ（みじん切り）,,0.2
92679,10094,粗挽き黒胡椒,,0.1
92653,10094,A牛乳,,100.0
92654,10094,A水,,150.0
92658,10094,A顆粒コンソメ,,2.0
92659,10094,A塩,,0.5
95340,10434,ぶり（切り身）,２００ｇ,210.0
95341,10434,塩,少々,0.6
95342,10434,酒,小さじ１,7.5
95343,10434,片栗粉,少々,4.5
95345,10434,玉ねぎ,大１/２個,150.0
95344,10434,エリンギ,１本,120.0
95346,10434,しょうが,約３ｇ,4.5
95374,10434,レタス,,30.0
95347,10434,サラダ油,小さじ１,6.0
95353,10434,しょうゆ,大さじ1/2,9.0
95350,10434,みりん,大さじ１,18.0
95351,10434,黒酢,大さじ１,15.0
95352,10434,オイスターソース,大さじ１弱,15.0
95348,10434,酒,大さじ１,15.0
95349,10434,砂糖,大さじ１,9.0
96080,10543,鶏ひき肉,,70.0
96083,10543,長ねぎ（みじん切り）,,20.0
96082,10543,しょうが（すりおろし）,,5.0
96089,10543,白ごま,,0.5
96123,10543,塩,,0.1
96088,10543,みそ,,10.0
96091,10543,水,,250.0
96085,10543,もやし,,100.0
96086,10543,にら（食べやすい長さに切る）,,50.0
96428,10543,白菜キムチ,,25.0
98492,10806,鶏もも（皮なし）,,80.0
98591,10806,小麦粉,,2.5
98493,10806,玉ねぎ（みじん切り）,,70.0
98494,10806,オリーブ油,,2.0
98506,10806,おろししょうが,,1.0
98495,10806,Aターメリック,,1.0
98496,10806,Aクミン,,0.5
98497,10806,Aコリアンダー,,0.5
98498,10806,Aシナモンパウダー,,0.1
98499,10806,Aガーリックパウダー,,0.1
98500,10806,B水煮トマト,,50.0
98566,10806,Bヨーグルト,,50.0
98501,10806,B水,,50.0
98502,10806,B顆粒コンソメ,,1.5
98503,10806,B塩,,0.8
98590,10806,B砂糖,,0.5
98504,10806,ご飯,,180.0
98505,10806,パセリ（みじん切り）,,0.5
101011,11063,豚もも薄切り肉,３００ｇ,320.0
101015,11063,片栗粉,大さじ２,8.0
101012,11063,赤パプリカ,1個,200.0
101013,11063,黄パプリカ,1個,200.0
101016,11063,ごま油,多め,12.0
101014,11063,小ねぎ,2本,8.0
101018,11063,しょうゆ,大さじ２,36.0
101019,11063,黒酢,大さじ２,32.0
101020,11063,砂糖,大さじ２,12.0
101624,11140,じゃがいも,,70.0
101625,11140,玉ねぎ（みじん切り）,,25.0
101623,11140,Aさば水煮缶（汁気をきる）,,40.0
101628,11140,Aパセリ（みじん切り）,,1.5
102107,11140,A砂糖,,0.5
101629,11140,A塩,,0.5
101627,11140,Aクミンパウダー（なければカレー粉）,,0.5
101631,11140,小麦粉,,2.0
101630,11140,溶き卵,,5.0
101632,11140,パン粉・乾,,5.0
101633,11140,揚げ油,,8.0
102109,11140,中濃ソース（お好みで）,,8.0
102108,11140,サニーレタス（添え）,,20.0
101634,11141,厚揚げ,,100.0
101635,11141,青ねぎ（あれば九条ねぎ）,,30.0
101636,11141,ザーサイ,,10.0
101751,11141,きくらげ・乾,,1.0
101637,11141,しょうが,,3.0
101638,11141,ごま油,,2.0
102106,11141,粗びき黒こしょう,,0.1
101750,11151,豚ロース薄切り肉（脂身なし）,,75.0
101996,11151,小麦粉,,1.0
101756,11151,玉ねぎ,,40.0
101757,11151,油,,2.0
101752,11151,Aしょうが（すりおろし）,,3.0
101753,11151,Aしょうゆ,,6.0
101754,11151,A酒,,5.0
101755,11151,A砂糖,,1.0
101758,11151,サニーレタス,,30.0
101761,11151,ブロッコリー,,30.0
101797,11157,鶏もも肉（皮なし）,,80.0
101800,11157,トマト水煮,,60.0
101798,11157,玉ねぎ,,40.0
101799,11157,かぼちゃ,,40.0
101802,11157,水,,50.0
101806,11157,Aにんにく（すりおろし）,,1.0
101816,11157,A中濃ソース,,5.0
101804,11157,Aカレールー（フレークタイプ）,,15.0
101805,11157,麦ごはん（押麦２割）,,150.0
101859,11163,鯖,,60.0
101860,11163,酒,,7.5
101861,11163,塩,,0.6
101862,11163,大根おろし,,40.0
101863,11163,青じそ,,0.5
102323,11225,ライ麦食パン（5枚切り）,,72.0
102324,11225,卵（Mサイズ）,,50.0
102329,11225,ブロッコリー（冷凍）,,20.0
102330,11225,ミニトマト,,20.0
102331,11225,ピザ用チーズ,,10.0
102328,11225,さば水煮缶（固形量）,,25.0
102325,11225,牛乳,,15.0
102326,11225,塩,,0.1
102327,11225,こしょう,,0.05
102956,11292,たら（切り身）,２切れ（約100g）,120.0
102960,11292,塩,ひとつまみ,0.6
102958,11292,かに風味かまぼこ,50g,30.0
102957,11292,里いも（皮付き）,２個（約120g）,180.0
102961,11292,小麦粉,各適量,6.0
102994,11292,サラダ油,,8.0
102962,11292,粗びき黒こしょう,お好みで,0.2
102959,11292,小ねぎ（小口切り）,少々,2.0
102966,11292,しょうが（すりおろし）,少々,2.0
102964,11292,酒,小さじ２,10.0
102967,11292,片栗粉,小さじ１,3.0
102965,11292,鶏がらスープの素,小さじ２分の１,2.0
102993,11292,水,,100.0
106880,11565,せん切りキャベツ,,70.0
106882,11565,卵（Mサイズ）,,50.0
106881,11565,ベーコン,,16.0
106883,11565,塩,,0.3
106884,11565,粗びき黒こしょう,,0.05
108290,11749,鶏むね肉（皮なし）,,70.0
108291,11749,市販サラダミックス,,40.0
108292,11749,酒,,2.0
108296,11749,砂糖,,0.5
108294,11749,マヨネーズ,,18.0
108293,11749,ぽん酢しょうゆ,,6.0
108295,11749,白すりごま,,4.0
108645,11749,一味とうがらし,,0.1
109530,11921,豚もも薄切り肉,,30.0
109529,11921,春雨,,8.0
109532,11921,キャベツ,,50.0
109531,11921,にら,,10.0
109533,11921,春巻きの皮（１人３枚）,,36.0
109534,11921,サラダ油,,4.0
145677,11921,レタス,,20.0
109537,11921,しょうゆ,,4.0
109538,11921,オイスターソース,,3.0
109536,11921,酒,,2.5
109541,11921,片栗粉,,1.5
109539,11921,砂糖,,1.0
109540,11921,こしょう,,0.05
109543,11921,水,,2.0
109544,11921,小麦粉,,1.0
109810,11944,豚ももブロック肉,,70.0
109811,11944,ピーマン,,60.0
109812,11944,たけのこ（ゆで）,,50.0
109814,11944,サラダ油,,3.0
109816,11944,酒,,7.5
109823,11944,しょうゆ,,1.5
109824,11944,黒こしょう,,0.1
109825,11944,片栗粉,,1.5
109819,11944,オイスターソース,,6.0
109818,11944,しょうゆ,,3.0
109822,11944,酒,,2.5
142498,11944,砂糖,,1.5
109820,11944,水,,2.5
109943,11959,鶏むね肉（皮なし）,,100.0
109944,11959,きゅうり,,50.0
109945,11959,長ねぎ,,5.0
109946,11959,しょうが,,2.0
109948,11959,日本酒,,2.0
109949,11959,塩麹,,2.0
109950,11959,サラダ油,,1.5
109954,11959,しょうゆ,,6.0
109956,11959,白練りごま,,6.0
109953,11959,酢,,4.0
109955,11959,ごま油,,2.0
109952,11959,砂糖,,1.5
109957,11959,ラー油,,0.5
110147,11967,豚もも薄切り肉,,50.0
110148,11967,玉ねぎ,,40.0
110149,11967,にんじん,,15.0
110150,11967,じゃがいも,,40.0
110151,11967,しょうが,,4.0
110152,11967,にんにく,,1.0
110159,11967,カレー粉,,0.5
110160,11967,ごま油,,2.0
110153,11967,ローリエ,,0.02
110161,11967,塩,,0.2
110162,11967,こしょう,,0.05
110154,11967,酒,,5.0
110155,11967,水,,120.0
110156,11967,カレールウ,,15.0
110157,11967,ウスターソース,,3.0
110158,11967,しょうゆ,,1.0
110163,11967,麦ご飯（押麦２割）,,150.0
110113,11990,さば（切り身）,,160.0
110114,11990,しょうが,,8.0
110115,11990,みそ,,12.0
110117,11990,酒,,30.0
110118,11990,砂糖,,9.0
110119,11990,しょうゆ,,4.0
110120,11990,水,,120.0
110734,12021,豚もも薄切り肉,,50.0
110735,12021,キャベツ,,100.0
110736,12021,小ねぎ,,10.0
110738,12021,長いも（大和いも）,,30.0
110741,12021,だし汁（かつお昆布）,,30.0
110740,12021,卵（Mサイズ）,,50.0
110742,12021,しょうゆ,,2.0
110743,12021,酒,,5.0
110739,12021,薄力粉,,30.0
110744,12021,ごま油,,4.0
110745,12021,お好み焼きソース,,30.0
110746,12021,青海苔,,1.0
110747,12021,かつお節,,2.5
110568,12046,鮭（切り身）,４切れ,320.0
110569,12046,レモン汁,適量,10.0
110570,12046,塩,適量,2.4
110599,12046,こしょう,,0.2
110571,12046,マヨネーズ（衣付け用）,小さじ２～３,8.0
110572,12046,Ａパン粉,大さじ６,18.0
110573,12046,Ａバジル（乾燥）,大さじ１,2.0
110574,12046,Ａ粉チーズ,大さじ３,18.0
110575,12046,Ａガーリックパウダー,お好みで,0.8
110576,12046,オリーブ油,大さじ２,16.0
110583,12046,リーフレタス,,80.0
110584,12046,ミニトマト,,80.0
112562,12277,食パン（６枚切り）,1枚,60.0
112563,12277,卵（Mサイズ）,1個,50.0
112564,12277,ハーブ入りソルト,適量,0.3
113481,12394,いわし （１尾）,４尾,160.0
113488,12394,塩,各少々,1.0
113489,12394,こしょう,,0.2
113487,12394,オリーブ油,大１と1/2,8.0
113482,12394,パン粉,1/2カップ,8.0
113483,12394,パセリ,大１,2.0
113485,12394,カレー粉,小１,1.0
113486,12394,ガーリックパウダー,少々,1.0
113539,12394,ブロッコリー,,60.0
113540,12394,ミニトマト,,40.0
113541,12394,レモン,,10.0
121313,13441,豚もも薄切り肉,400g,320.0
121317,13441,塩,少々,1.2
121314,13441,大根,約1/3本(700g),320.0
121316,13441,しょうが,1片,8.0
121315,13441,にんにく,1片,8.0
121318,13441,サラダ油,大さじ1,8.0
121324,13441,青ねぎ（小口切り）,適量,20.0
121325,13441,七味とうがらし（お好みで）,適量,0.2
121320,13441,酒,大さじ2,30.0
121319,13441,しょうゆ,大さじ2,24.0
121322,13441,みりん,大さじ1,12.0
121321,13441,砂糖,大さじ1,6.0
121323,13441,和風だしの素,小さじ1(5g),2.0
121808,13500,まぐろ（刺身用）,,100.0
121813,13500,サラダ用カット野菜,,40.0
121811,13500,オリーブ油,,4.0
121812,13500,塩,,0.5
121842,13500,粗びき黒こしょう,,0.1
121814,13500,レモン汁,,5.0
121818,13502,豚こま切れ肉,,80.0
121819,13502,チンゲン菜,,100.0
121841,13502,しいたけ,,20.0
121821,13502,にんにく,,3.0
121822,13502,ごま油,,6.0
121823,13502,塩,,1.0
121840,13502,赤とうがらし（輪切り）,,0.05
128535,14459,いわし（３枚おろし）,,80.0
128536,14459,小麦粉,,5.0
128537,14459,サラダ油,,4.0
128538,14459,ベビーリーフ,,10.0
128539,14459,焼き海苔,,0.4
128541,14459,麦ご飯（押麦３割）,,150.0
128553,14459,梅干し,,8.0
128545,14459,しょうゆ,,8.0
128544,14459,みりん,,7.5
128543,14459,酒,,5.0
128547,14459,砂糖,,3.0
128549,14459,米酢,,1.5
128550,14459,うす口しょうゆ,,1.5
128551,14459,砂糖,,1.0
131309,14807,豚ひき肉,,40.0
131310,14807,キャベツ,,30.0
131311,14807,玉ねぎ,,20.0
131312,14807,にら,,15.0
131316,14807,餃子の皮（１人分あたり６枚）,,36.0
131318,14807,ごま油,,3.0
131315,14807,しょうが（すりおろし）,,1.0
131314,14807,にんにく（すりおろし）,,0.5
131320,14807,酒,,2.5
131322,14807,しょうゆ,,1.5
131323,14807,オイスターソース,,1.2
131321,14807,砂糖,,1.0
131324,14807,こしょう,,0.05
131327,14807,酢,,4.0
131328,14807,しょうゆ,,2.0
131329,14807,ラー油,,0.5
135532,15374,豚バラ肉（薄切り）,,50.0
135533,15374,ピーマン,,75.0
135571,15374,片栗粉,,2.5
135539,15374,七味とうがらし（好みで）,,0.05
135534,15374,A 酒,,7.5
135535,15374,A みりん,,9.0
135536,15374,A 砂糖,,2.0
135537,15374,A みそ,,9.0
136843,15526,うどん（ゆで）,,200.0
136847,15526,ほうれん草（冷凍）,,30.0
136845,15526,卵（Lサイズ）,,60.0
136846,15526,えび天（市販、１人１本）,,30.0
137009,15526,蒸しかまぼこ,,20.0
136897,15526,しいたけ,,12.0
136848,15526,Aだし汁,,300.0
136849,15526,Aしょうゆ,,27.0
136850,15526,Aみりん,,27.0
139220,15799,豚ひき肉,,50.0
139221,15799,にんにく（すりおろし）,,1.0
139222,15799,しょうが（すりおろし）,,1.0
139223,15799,長ねぎ（みじん切り）,,15.0
139224,15799,たけのこ水煮（粗みじん切り）,,15.0
139225,15799,しいたけ（粗みじん切り）,,15.0
139226,15799,A しょうゆ,,6.0
139227,15799,A 砂糖,,1.5
139228,15799,A みりん,,6.0
139229,15799,A みそ,,6.0
139230,15799,A 水,,10.0
139231,15799,A 黒すりごま,,5.0
139232,15799,ゆでうどん,,150.0
139233,15799,きゅうり（せん切り）,,20.0
139234,15799,長ねぎ（小口切り・飾り用）,,5.0
139235,15799,紅しょうが,,3.0
139406,15821,木綿豆腐,,140.0
139407,15821,片栗粉,,3.5
139408,15821,小麦粉,,3.5
139409,15821,揚げ油,,10.0
139410,15821,A だし汁,,100.0
139411,15821,A しょうゆ,,8.0
139412,15821,A みりん,,9.0
139413,15821,大根おろし,,30.0
139414,15821,しょうが（すりおろし）,,1.0
139415,15821,小ねぎ（小口切り）,,1.0
141302,16043,牛赤身ひき肉,,40.0
141303,16043,木綿豆腐,,50.0
141307,16043,新玉ねぎ（たね用、みじん切り）,,40.0
141304,16043,乾燥パン粉,,4.0
141305,16043,牛乳,,10.0
141308,16043,卵,,7.5
141309,16043,塩,,0.3
141310,16043,こしょう,,0.05
141311,16043,ナツメグ,,0.05
141312,16043,サラダ油,,2.0
141315,16043,ぽん酢しょうゆ,,10.0
141313,16043,新玉ねぎ（薄切り）,,30.0
141314,16043,ブロッコリースプラウト,,5.0
141342,16043,ミニトマト,,10.0
141544,16043,ベビーリーフ,,10.0
141556,16068,めかじき,,80.0
141557,16068,塩,,0.3
141598,16068,小麦粉,,2.5
141601,16068,バター,,4.0
141600,16068,にんにく（みじん切り）,,1.0
141602,16068,Aしょうゆ,,6.0
141603,16068,Aみりん,,6.0
141604,16068,粗びき黒こしょう,,0.05
141605,16068,ベビーリーフ,,10.0
142642,16188,さば水煮缶（汁含む）,,75.0
142643,16188,トマト水煮缶（角切りタイプ）,,100.0
142644,16188,A カレー粉,,1.5
142645,16188,A にんにく（みじん切り）,,2.0
142646,16188,A しょうが（みじん切り）,,2.0
142655,16188,B 砂糖,,1.5
142647,16188,B ケチャップ,,5.0
142648,16188,B ウスターソース,,6.0
142649,16188,B こしょう,,0.05
142665,16188,ブロッコリー（ゆでたもの）,,30.0
142856,16188,麦ごはん（押麦２割）,,150.0
143613,16276,麦ご飯（押麦３割）,,600.0
143624,16276,豚赤身ひき肉,,120.0
143625,16276,牛赤身ひき肉,,120.0
143600,16276,玉ねぎ,,80.0
143601,16276,セロリ,,80.0
143602,16276,にんじん,,60.0
143603,16276,オリーブ油,,12.0
143614,16276,パセリ（みじん切り）,,4.0
143605,16276,しょうが（みじん切り）,,8.0
143604,16276,にんにく（みじん切り）,,4.0
143606,16276,カレー粉,,6.0
143608,16276,ウスターソース,,36.0
143607,16276,白ワイン（酒でも可）,,30.0
143611,16276,塩,,2.4
143612,16276,粗びき黒こしょう,,0.2
143609,16276,クミンパウダー,,1.0
143610,16276,カルダモンパウダー,,1.0
143713,16290,かに缶（軽く汁けをきったもの）,,25.0
143714,16290,卵（Lサイズ）,,60.0
143730,16290,長いも,,30.0
143715,16290,長ねぎ,,10.0
144006,16290,干ししいたけ,,2.0
143717,16290,サラダ油,,4.0
143725,16290,ケチャップ,,5.0
143720,16290,酢,,4.0
143721,16290,砂糖,,3.0
143723,16290,酒,,2.5
143728,16290,片栗粉,,1.5
143722,16290,しょうゆ,,1.0
143724,16290,塩,,0.2
143726,16290,水,,50.0
143739,16294,米,,300.0
143740,16294,もち麦,,100.0
143741,16294,水,,530.0
143742,16294,たくあん,,30.0
143743,16294,釜揚げしらす,,30.0
143744,16294,白ごま,,9.0
144214,16356,鶏むね肉（皮付き）,,80.0
144215,16356,砂糖,,1.5
144216,16356,酒,,5.0
144217,16356,長ねぎの青い部分,,5.0
144218,16356,しょうが（薄切り）,,2.0
144400,16356,もやし,,100.0
144219,16356,ブロッコリースプラウト（お好みで）,,5.0
144230,16356,コチュジャン,,8.0
144223,16356,鶏肉の蒸し汁,,5.0
144225,16356,酢,,5.0
144870,16356,しょうゆ,,1.5
144227,16356,ごま油,,2.0
146100,16565,豚ひき肉,,60.0
146101,16565,玉ねぎ,,60.0
146102,16565,シュウマイの皮,,18.0
146103,16565,キャベツ（レタスでも可）,,40.0
146105,16565,しょうが（すりおろし）,,2.0
146107,16565,砂糖,,2.0
146104,16565,しょうゆ,,2.0
146106,16565,ごま油,,2.0
146108,16565,片栗粉,,1.5
146115,16565,酢,,5.0
146114,16565,しょうゆ,,3.0
146116,16565,練りがらし（お好みで）,,2.0
146124,16567,豚もも塊肉,,160.0
146133,16567,長ねぎ,,20.0
146132,16567,長ねぎ（青い部分）,,10.0
146126,16567,しょうが（皮付き）,,4.0
146127,16567,にんにく,,2.0
146125,16567,酒,,20.0
146128,16567,しょうゆ,,12.0
146134,16567,オイスターソース,,8.0
146129,16567,砂糖,,6.0
146130,16567,酢,,5.0
146131,16567,赤とうがらし（お好みで）,,0.1
146135,16567,水,,150.0